30DC INC -> 30DC, INC. 0001118974
3D PIONEER SYSTEMS INC -> 3D PIONEER SYSTEMS, INC. 0001556753
ACTUA CORP -> Actua Corp 0001085621
ADEXA INC -> ADEXA INC 0001119691
ADVANCED VOICE RECOGNITION -> Advanced Voice Recognition Systems, Inc 0001342936
ADVANT-E CORP -> ADVANT E CORP 0000925043
ALLDIGITAL HOLDINGS INC -> ALLDIGITAL HOLDINGS, INC. 0001389217
AMERICAN SECURITY RES CORP -> American Security Resources Corp. 0001085069
APPLIED VISUAL SCIENCES INC -> Applied Visual Sciences, Inc. 0000873198
BARRACUDA NETWORKS INC -> BARRACUDA NETWORKS INC 0001348334
BLACK BOX CORP -> BLACK BOX CORP 0000849547
BRAVATEK SOLUTIONS INC -> Bravatek Solutions, Inc. 0001449574
BRIDGEWAY NATIONAL CORP -> BRIDGEWAY NATIONAL CORP. 0001567771
B-SCADA INC -> B-Scada, Inc. 0001341878
BUSYBOX.COM INC -> BUSYBOX COM INC 0001088316
CERIDIAN CORP -> CERIDIAN LLC CERIDIAN CORP /DE/ 0001124887
CICERO INC -> CICERO INC 0000945384
CIMETRIX INC -> Cimetrix Inc 0001395938
CIPHERLOC CORP -> CIPHERLOC Corp 0001022505
CLICKSTREAM CORP -> ClickStream Corp 0001393548
CLONE ALGO TECHNOLOGIES INC -> Clone Algo Technologies Inc. 0001582589
CLOUDWARD INC -> CLOUDWARD, INC. 0001045739
CODE REBEL CORP -> Code Rebel Corp 0001613011
COM GUARD.COM INC -> COM GUARD COM INC 0001103759
CYBERFORT SOFTWARE INC -> Cyberfort Software, Inc. 0001522787
DEALERADVANCE INC -> DealerAdvance, Inc. 0001133598
DIGILITI MONEY GROUP INC -> DIGILITI MONEY GROUP, INC. 0001487906
DUCK CREEK TECHNOL INC -> DUCK CREEK TECHNOLOGIES, INC. 0001160951
E2OPEN INC -> E2open Inc 0001540400
ELASTIC NETWORKS INC -> ELASTIC NETWORKS INC 0001088242
ELCOM INTERNATIONAL INC -> ELCOM INTERNATIONAL INC 0000900096
ENTERPRISE INFORMATICS INC -> Enterprise Informatics Inc 0000813747
EZENIA INC -> EZENIA INC 0000943894
FIREEYE INC -> FireEye, Inc. 0001364742
FRIENDFINDER NETWORKS INC -> FriendFinder Networks Inc. 0001451951
GIVEMEPOWER CORP -> GIVEMEPOWER CORP 0001064722
GRANDPARENTS.COM INC -> GRANDPARENTS.COM, INC. 0001020475
GREEN POLKADOT BOX INC -> Green PolkaDot Box Inc 0001159464
HOPTO INC -> hopTo Inc 0001021435
HRSOFT INC -> HRSOFT INC 0000917019
IBSG INTERNATIONAL INC -> IBSG INTERNATIONAL INC 0001031905
IMAGEWARE SYSTEMS INC -> IMAGEWARE SYSTEMS INC 0000941685
INTEGRATED BUSINESS SYS &SVC -> INTEGRATED BUSINESS SYSTEMS & SERVICES INC 0001040863
INTELLIGENT SYSTEM CORP -> INTELLIGENT SYSTEMS CORP 0000320340
INTELLINETICS INC -> INTELLINETICS, INC. 0001081745
INTERMAP TECHNOLOGIES CORP -> INTERMAP TECHNOLOGIES CORP 0001285170
INTERNATIONAL LEADERS CAP CO -> INTERNATIONAL LEADERS CAPITAL Corp 0001470550
IRONCLAD ENCRYPTION CORP -> IRONCLAD ENCRYPTION Corp 0001455926
ISIGN SOLUTIONS INC -> iSign Solutions Inc. 0000727634
ISOCIALY INC -> iSocialy, Inc. 0001716726
IVEDA SOLUTIONS INC -> Iveda Solutions, Inc. 0001397183
J2 GLOBAL INC -> J2 GLOBAL, INC. J2 GLOBAL COMMUNICATIONS INC 0001084048
JDA SOFTWARE GROUP INC -> JDA SOFTWARE GROUP INC 0001006892
KIWIBOX COM INC -> Kiwibox.Com, Inc. 0000838796
KRONOS INC -> Kronos Bio, Inc. 0001364742
LAWSON SOFTWARE INC -> Lawson Software, Inc. 0001344632
LEVELBLOX INC -> LevelBlox, Inc. 0001473654
LIQUI-BOX CORP -> LIQUI BOX CORP 0000216430
LIQUID HOLDINGS GROUP INC -> Liquid Holdings Group, Inc. 0001562594
MAIL BOXES ETC -> MAIL BOXES ETC 0000791014
MAX SOUND CORP -> Max Sound Corp 0001353499
MEDALLIA INC -> Medallia, Inc. 0001540184
MEDALLIANCE INC -> MEDALLIANCE INC 0000886037
MGT CAPITAL INVESTMENTS INC -> MGT CAPITAL INVESTMENTS, INC. 0001001601
MIX TELEMATICS LTD -> MiX Telematics Ltd 0001576914
MOBILEIRON INC -> MOBILEIRON, INC. 0001470099
MONSTER ARTS -> Monster Arts Inc. 0001423746
NEOMEDIA TECHNOLOGIES INC -> NEOMEDIA TECHNOLOGIES INC 0001022701
NOTIFY TECHNOLOGY CORP -> NOTIFY TECHNOLOGY CORP 0001031980
OMTOOL LTD -> OMTOOL LTD 0001020579
PAID INC -> PAID INC 0001017655
PARETEUM CORP -> PARETEUM Corp 0001084384
PAYBOX CORP -> Paybox Corp. 0000879703
PLURALSIGHT INC -> FMR LLC Pluralsight, Inc. 0000315066
PRIMAL SOLUTIONS INC -> PRIMAL SOLUTIONS INC 0001124217
PROOFPOINT INC -> PROOFPOINT INC 0001212458
PULSE EVOLUTION CORP -> Pulse Evolution Corp 0001583138
QAD INC -> QAD INC 0001364742
RAADR INC -> RAADR, INC 0001384365
RAND WORLDWIDE INC -> RAND WORLDWIDE INC 0000852437
REALPAGE INC -> RealPage, Inc. 0001286225
RIGHTSCORP INC -> RIGHTSCORP, INC. 0001506270
ROCKETFUEL BLOCKCHAIN INC -> Rouf Henrik ROCKETFUEL BLOCKCHAIN, INC. 0001641138
RORINE INTL HOLDING CORP -> RORINE INTERNATIONAL HOLDING Corp 0001423586
ROSETTA STONE INC -> ROSETTA STONE INC 0001351285
SHARPSPRING INC -> SharpSpring, Inc. 0001506439
SIMTROL INC -> SIMTROL INC 0000846775
SITO MOBILE LTD -> SITO MOBILE, LTD. 0001157817
SKYBOX INTL INC -> SKYBOX INTERNATIONAL INC 0000909687
SLACK TECHNOLOGIES INC -> SALESFORCE.COM, INC. Slack Technologies, Inc. 0001108524
SMARTMETRIC INC -> SmartMetric, Inc. 0001301991
SOFTECH INC -> SOFTECH INC 0000354260
SSI INVESTMENTS II LTD -> SSI Investments II Ltd 0001501919
SVMK INC -> SVMK Inc 0001739936
SYNACOR INC -> Synacor, Inc 0001408278
TAUTACHROME INC -> TAUTACHROME INC. 0001389067
TELENAV INC -> Telenav, Inc. 0001474439
THEGLOBE.COM INC -> THEGLOBE COM INC 0001066684
TIBCO SOFTWARE INC -> TIBCO SOFTWARE INC 0001085280
TINTRI INC -> Tintri, Inc. 0001554875
TMM INC -> TMM INC 0000939652
ULTIMATE SOFTWARE GROUP INC -> ULTIMATE SOFTWARE GROUP INC 0001016125
UNITRONIX CORP -> UNITRONIX CORP 0000835270
VANCORD CAPITAL INC -> Vancord Capital Inc. 0001200528
VDO-PH INTERNATIONAL INC -> VDO-PH INTERNATIONAL of NEVADA 0001499355
VERTICAL COMPUTER SYS INC -> VERTICAL COMPUTER SYSTEMS INC 0001099509
VOYAGER DIGITAL LTD -> Voyager Digital Ltd. 0001827032
VUBOTICS INC -> VUBOTICS INC 0001100981
XCELMOBILITY INC -> XcelMobility Inc. 0001465509
YAPPN CORP -> YAPPN CORP. 0001511735
ZOOMAWAY TRAVEL INC -> ZOOMAWAY TRAVEL INC. 0001541054
